[
    {
       "model":"admin.logentry",
       "pk":1,
       "fields":{
          "action_time":"2021-06-19T14:51:23.498Z",
          "user":1,
          "content_type":7,
          "object_id":"1",
          "object_repr":"matt&katie.com",
          "action_flag":2,
          "change_message":"[{\"changed\": {\"fields\": [\"Domain name\", \"Display name\"]}}]"
       }
    },
    {
       "model":"admin.logentry",
       "pk":2,
       "fields":{
          "action_time":"2021-06-19T15:16:31.699Z",
          "user":1,
          "content_type":8,
          "object_id":"2",
          "object_repr":"ch.mateusz@hotmail.com",
          "action_flag":1,
          "change_message":"[{\"added\": {}}]"
       }
    },
    {
       "model":"admin.logentry",
       "pk":3,
       "fields":{
          "action_time":"2021-07-04T18:22:42.177Z",
          "user":1,
          "content_type":13,
          "object_id":"2",
          "object_repr":"The Scott Monument, Edinburgh",
          "action_flag":2,
          "change_message":"[{\"changed\": {\"fields\": [\"Image url\"]}}]"
       }
    },
    {
       "model":"admin.logentry",
       "pk":4,
       "fields":{
          "action_time":"2021-07-05T17:20:43.155Z",
          "user":1,
          "content_type":13,
          "object_id":"2",
          "object_repr":"The Scott Monument, Edinburgh",
          "action_flag":3,
          "change_message":""
       }
    },
    {
       "model":"admin.logentry",
       "pk":5,
       "fields":{
          "action_time":"2021-07-05T17:25:52.251Z",
          "user":1,
          "content_type":13,
          "object_id":"1",
          "object_repr":"The Balmoral Hotel, Edinburgh",
          "action_flag":3,
          "change_message":""
       }
    },
    {
       "model":"admin.logentry",
       "pk":6,
       "fields":{
          "action_time":"2021-07-18T21:48:23.730Z",
          "user":1,
          "content_type":17,
          "object_id":"1",
          "object_repr":"My first post",
          "action_flag":1,
          "change_message":"[{\"added\": {}}]"
       }
    },
    {
       "model":"admin.logentry",
       "pk":7,
       "fields":{
          "action_time":"2021-07-19T17:34:23.897Z",
          "user":3,
          "content_type":8,
          "object_id":"1",
          "object_repr":"matt&katie.contact@gmail.co.uk",
          "action_flag":2,
          "change_message":"[{\"changed\": {\"fields\": [\"Verified\", \"Primary\"]}}]"
       }
    },
    {
       "model":"admin.logentry",
       "pk":8,
       "fields":{
          "action_time":"2021-07-19T17:34:37.128Z",
          "user":3,
          "content_type":8,
          "object_id":"2",
          "object_repr":"ch.mateusz@hotmail.com",
          "action_flag":3,
          "change_message":""
       }
    },
    {
       "model":"admin.logentry",
       "pk":9,
       "fields":{
          "action_time":"2021-07-19T17:34:54.204Z",
          "user":3,
          "content_type":8,
          "object_id":"3",
          "object_repr":"test@test.com",
          "action_flag":2,
          "change_message":"[{\"changed\": {\"fields\": [\"Verified\"]}}]"
       }
    },
    {
       "model":"admin.logentry",
       "pk":10,
       "fields":{
          "action_time":"2021-07-19T17:37:54.032Z",
          "user":3,
          "content_type":8,
          "object_id":"4",
          "object_repr":"ch.mateusz@hotmail.com",
          "action_flag":2,
          "change_message":"[{\"changed\": {\"fields\": [\"Verified\", \"Primary\"]}}]"
       }
    },
    {
       "model":"admin.logentry",
       "pk":11,
       "fields":{
          "action_time":"2021-07-24T08:55:39.588Z",
          "user":3,
          "content_type":23,
          "object_id":"1",
          "object_repr":"photography_tips",
          "action_flag":1,
          "change_message":"[{\"added\": {}}]"
       }
    },
    {
       "model":"admin.logentry",
       "pk":12,
       "fields":{
          "action_time":"2021-07-24T08:56:15.972Z",
          "user":3,
          "content_type":23,
          "object_id":"2",
          "object_repr":"travel_blog",
          "action_flag":1,
          "change_message":"[{\"added\": {}}]"
       }
    },
    {
       "model":"admin.logentry",
       "pk":13,
       "fields":{
          "action_time":"2021-07-24T09:09:09.872Z",
          "user":3,
          "content_type":17,
          "object_id":"2",
          "object_repr":"Photography tip 1",
          "action_flag":1,
          "change_message":"[{\"added\": {}}]"
       }
    },
    {
       "model":"admin.logentry",
       "pk":14,
       "fields":{
          "action_time":"2021-07-24T09:09:18.866Z",
          "user":3,
          "content_type":17,
          "object_id":"2",
          "object_repr":"Photography tip 1",
          "action_flag":2,
          "change_message":"[]"
       }
    },
    {
       "model":"auth.user",
       "pk":1,
       "fields":{
          "password":"pbkdf2_sha256$260000$hMrNLHJLQB6Y75vRWjAvAv$7n2wJu0O0aM0fM522BXUWKWVf+7H0hD8nePW1JSstyA=",
          "last_login":"2021-07-19T17:35:45.443Z",
          "is_superuser":true,
          "username":"matt+katie",
          "first_name":"",
          "last_name":"",
          "email":"matt&katie.contact@gmail.co.uk",
          "is_staff":true,
          "is_active":true,
          "date_joined":"2021-06-19T13:43:14.658Z",
          "groups":[
             
          ],
          "user_permissions":[
             
          ]
       }
    },
    {
       "model":"auth.user",
       "pk":2,
       "fields":{
          "password":"pbkdf2_sha256$260000$KK01go4tnpe3U22yMwGOrP$nHBOBc3F80d0lKCnjMqUCv8XE+iO64iuCqMOA7FiVcw=",
          "last_login":"2021-07-23T13:02:33.868Z",
          "is_superuser":false,
          "username":"TestUser",
          "first_name":"",
          "last_name":"",
          "email":"test@test.com",
          "is_staff":false,
          "is_active":true,
          "date_joined":"2021-07-19T17:27:12.075Z",
          "groups":[
             
          ],
          "user_permissions":[
             
          ]
       }
    },
    {
       "model":"auth.user",
       "pk":3,
       "fields":{
          "password":"pbkdf2_sha256$260000$aLojFufvor3vpvR2V8QV0Z$o79XgPMWh7OVpKzFkTsEMxORAzHxo8RQY/tsVOUOt+E=",
          "last_login":"2021-07-25T13:21:52.660Z",
          "is_superuser":true,
          "username":"Matt",
          "first_name":"",
          "last_name":"",
          "email":"ch.mateusz@hotmail.com",
          "is_staff":true,
          "is_active":true,
          "date_joined":"2021-07-19T17:32:26.575Z",
          "groups":[
             
          ],
          "user_permissions":[
             
          ]
       }
    },
    {
       "model":"auth.user",
       "pk":4,
       "fields":{
          "password":"pbkdf2_sha256$260000$Y2QFDLh9h0H19IDGoOZYRl$AGFlpGa905H5Alov4U0R73ijnz7JE6D0Coac+By9nEs=",
          "last_login":null,
          "is_superuser":false,
          "username":"Mati97",
          "first_name":"",
          "last_name":"",
          "email":"funkypolak97@gmail.com",
          "is_staff":false,
          "is_active":true,
          "date_joined":"2021-07-24T08:34:59.913Z",
          "groups":[
             
          ],
          "user_permissions":[
             
          ]
       }
    },
    {
       "model":"sessions.session",
       "pk":"2rloie58d0rs44ojgeq0zvkg7js7g90n",
       "fields":{
          "session_data":"eyJiYWciOnsiMiI6eyJpdGVtc19ieV9zaXplIjp7IkEzIjoxfX19fQ:1m2wfB:OubHgJOTIGEw5iJdKROzA0bU4pn7XKTeqvDJxfS8-jc",
          "expire_date":"2021-07-26T14:12:01.898Z"
       }
    },
    {
       "model":"sessions.session",
       "pk":"65tjhg0sc6dd9jyd5fhzkqznhidomj04",
       "fields":{
          "session_data":"eyJhY2NvdW50X3ZlcmlmaWVkX2VtYWlsIjpudWxsLCJhY2NvdW50X3VzZXIiOiIyIn0:1m5X3C:B_xiyUh6Hog1cniE39JYIrsXiWZKFD00enN4ksJ8VsU",
          "expire_date":"2021-08-02T17:27:30.906Z"
       }
    },
    {
       "model":"sessions.session",
       "pk":"725dsn9s68fhgyfh80yb4etgaoqkhhas",
       "fields":{
          "session_data":".eJxVjDsOgzAQRO-ydYT8QUDokj5nsHbtBZwPlrCJlKDcPbZEwxRTzJuZDSK-2fh5CNCnZeUTGFzTZNbIi_EOepBwyAjtg-cC3B3nMVQ2zGnxVJVKtdNY3YLj53XvHg4mjFNe14obJ6wcuK1bqaVlYu60cCSF0Kg6KwVn1ihsyWGnHGU0dGekRiql8ynhCP0GqphP_IqGPib6L5fgoqGXv6w_rnRK4g:1m5GSO:nVGCShLqn27jEX8SITwZmAGTMtzZgsryDmR4pmSfCTE",
          "expire_date":"2021-08-01T23:44:24.992Z"
       }
    },
    {
       "model":"sessions.session",
       "pk":"830akmfiuwt8o9rmomf8dus2324bahdi",
       "fields":{
          "session_data":".eJxVjEEOgjAQRe_StWk6UBhg6d4zNFM6lappSQuJxnh3IWGh2__ef29haF0msxbOJjgxiFqcfjdL453jDtyN4jXJMcUlByt3RR60yEty_Dgf7l9gojJtb0IA3StGxpY1OOoAe0DrW60BvXIWkYCACZuKO6p11fSjVkh-M0Ht0cKlhBQNP-eQX2JQny9jJT5M:1m7f3L:EiAMNBtvCxEvBm2rO4a0sKeovRiRNSIk3FXbxLEjJ6o",
          "expire_date":"2021-08-08T14:24:27.302Z"
       }
    },
    {
       "model":"sessions.session",
       "pk":"8bupwc8yoxjnmjhdrq7ucsjlc6dhgbgx",
       "fields":{
          "session_data":".eJxVjEEOgjAQRe_StWk6UBhg6d4zNFM6lappSQuJxnh3IWGh2__ef29haF0msxbOJjgxiFqcfjdL453jDtyN4jXJMcUlByt3RR60yEty_Dgf7l9gojJtb0IA3StGxpY1OOoAe0DrW60BvXIWkYCACZuKO6p11fSjVkh-M0Ht0cKlhBQNP-eQX2JQny9jJT5M:1m7JjO:dIwlmRyCnOdcfXwlOkWRT5RaMvHxDg6c08VkpBBWTsQ",
          "expire_date":"2021-08-07T15:38:26.652Z"
       }
    },
    {
       "model":"sessions.session",
       "pk":"aymg3w3lld3yjaehb3qf46e0irk23jdu",
       "fields":{
          "session_data":"e30:1m5X5z:f1BTZ3A6uXPdKtmmAFTiqud_qdxQ44NRvDK5qsjxWQA",
          "expire_date":"2021-08-02T17:30:23.824Z"
       }
    },
    {
       "model":"sessions.session",
       "pk":"bfzekrydh2o9lorh8qdllc86h95q84hk",
       "fields":{
          "session_data":"eyJiYWciOnsiMiI6M319:1m2xkq:LlfT4ST_5nwi17kAmZgQcLSSwoXNaRcv61i16n3cC4o",
          "expire_date":"2021-07-26T15:21:56.263Z"
       }
    },
    {
       "model":"sessions.session",
       "pk":"fa1efjy22ekse85p2jcou6t26z1jtxs3",
       "fields":{
          "session_data":".eJxVjDsOg0AMBe_iOlqtvQg2lOlzBmSvzSeJQOJTIe6eRaJI2jfzZoeGt7VvtsXmZlCoAeH2uwmnt40n0BeP3eTSNK7zIO5U3EUX95zUPo_L_Qv0vPT5XZCV6hO2VhUVBkwmZjF4FfQ-MMWE3jIriStRjqSSURvvLCUShRwV7qDegaDG4_gCGtk76A:1m1YfU:SaAuvnj-hOTjyaZJQ9WJR3gMQmLNuTuZdYE87MhhojI",
          "expire_date":"2021-07-22T18:22:36.801Z"
       }
    },
    {
       "model":"sessions.session",
       "pk":"fzus7w2ry46ly09fwzppwag0strv7vfy",
       "fields":{
          "session_data":".eJxVjEEOgjAQRe_StWk6LYHK0r1naGY6g1RNaygkGuPdhYSFbv97_71VwGUew1JlColVr0AdfjfCeJO8Ab5ivhQdS56nRHpT9E6rPheW-2l3_wIj1nF9N1ZaNhEG6ZoOHEQhEe8MExjj0PoIRlbWWuyI0VumFQ3-iNSCtW6LVqk1lRzk-UjTS_Xm8wWeWT94:1lucin:4cofbHvp6kIj1yiP1yqxt6RNpr95fK9eEwxj9Jl0P64",
          "expire_date":"2021-07-03T15:17:21.516Z"
       }
    },
    {
       "model":"sessions.session",
       "pk":"l2m8r03d47g8dapnshhur2xopc3jaxv7",
       "fields":{
          "session_data":"e30:1m5X4n:gMlycol_5FQ6gGYEMdJhY5aszn7XFV6vU2I1KEmKERE",
          "expire_date":"2021-08-02T17:29:09.681Z"
       }
    },
    {
       "model":"sessions.session",
       "pk":"lzdzbmi08c80bdgv82jek4cqaxs2zxh7",
       "fields":{
          "session_data":".eJxVjs0OwiAQhN-Fc0P4aQn06N1nILBsLWrAQGs0xneXmh70sDvJfLOTfRHr1mW2a8ViYyAjEaT79byDC6YNhLNLp0whp6VET7cI3WmlxxzwetizfwWzq3O75oAgQDilAI0eIHjFsG2tpfRG8UkxpSWYaeBiYBx0cL4pmjahl9-vKtYac7L4uMXyJCPrSHV3tDFNmYxLWfH9AQpZRVg:1m5blj:-Yx214aSO3uYeN1ZnAdB4CGNbtmBO5KtYHaoEThEnQ8",
          "expire_date":"2021-08-02T22:29:47.556Z"
       }
    },
    {
       "model":"sessions.session",
       "pk":"n0nomp6mvaf4hz2vpuivn540zljl0b5g",
       "fields":{
          "session_data":"e30:1m5X3U:MW7CAFf8g8Ae6hoRGFRggemERrqwadugmmlOgeRC47U",
          "expire_date":"2021-08-02T17:27:48.179Z"
       }
    },
    {
       "model":"sessions.session",
       "pk":"na1uhgtnaoap4r5x7lrq3a3hxb9xbqhw",
       "fields":{
          "session_data":".eJxVjEEOgjAQRe_StWk6UBhg6d4zNFM6lappSQuJxnh3IWGh2__ef29haF0msxbOJjgxiFqcfjdL453jDtyN4jXJMcUlByt3RR60yEty_Dgf7l9gojJtb0IA3StGxpY1OOoAe0DrW60BvXIWkYCACZuKO6p11fSjVkh-M0Ht0cKlhBQNP-eQX2JQny9jJT5M:1m7JaU:f80V8NZvhmCiqs0ioqVe51rkQDl9Z7u19XKXx9egI5c",
          "expire_date":"2021-08-07T15:29:14.871Z"
       }
    },
    {
       "model":"sessions.session",
       "pk":"nkzk2ib1149zc0dkjeu7un9heo7y032q",
       "fields":{
          "session_data":"eyJiYWciOnsiMiI6MX19:1m2xrN:-C7qFOxULhNqMo9T5-WP4aQ4Hknlnsc6BlQvIYuyKCw",
          "expire_date":"2021-07-26T15:28:41.421Z"
       }
    },
    {
       "model":"sessions.session",
       "pk":"q7pl14actcwbfu1elldhpds634g5xry4",
       "fields":{
          "session_data":".eJxVjEEOgjAQRe_StWk6UBhg6d4zNFM6lappSQuJxnh3IWGh2__ef29haF0msxbOJjgxiFqcfjdL453jDtyN4jXJMcUlByt3RR60yEty_Dgf7l9gojJtb0IA3StGxpY1OOoAe0DrW60BvXIWkYCACZuKO6p11fSjVkh-M0Ht0cKlhBQNP-eQX2JQny9jJT5M:1m6cA6:CTqowqUJ5yTm5sRwh_N9YDxD5pGWI8pkCRwkMuNdFAQ",
          "expire_date":"2021-08-05T17:07:06.157Z"
       }
    },
    {
       "model":"sessions.session",
       "pk":"ty39yl45ipj5mnj7jp14c3we42n0gao0",
       "fields":{
          "session_data":"e30:1m5XBB:6zmBQBK0NaAsvCOYozxe-7jLCguGAmFeq6q3NmF4xTY",
          "expire_date":"2021-08-02T17:35:45.384Z"
       }
    },
    {
       "model":"sessions.session",
       "pk":"tzg9o7wb75ymrstvpuxrwzyagjxhkp2w",
       "fields":{
          "session_data":"eyJzYXZlX2luZm8iOmZhbHNlfQ:1m5Wwb:e3cF3a9XMvAI_7JJJuiNneiFdsBYrKFXIyNMBI4YxfQ",
          "expire_date":"2021-08-02T17:20:41.318Z"
       }
    },
    {
       "model":"sessions.session",
       "pk":"utosepocj08sbqyv2iwhbwg08u6ykbyg",
       "fields":{
          "session_data":".eJxVjEEOgjAQRe_StWk6LYHK0r1naGY6g1RNaygkGuPdhYSFbv97_71VwGUew1JlColVr0AdfjfCeJO8Ab5ivhQdS56nRHpT9E6rPheW-2l3_wIj1nF9N1ZaNhEG6ZoOHEQhEe8MExjj0PoIRlbWWuyI0VumFQ3-iNSCtW6LVqk1lRzk-UjTS_Xm8wWeWT94:1lyJOv:fy1Ajxr4soLTdWPHAPv9dFE7sFWBhW2IRB5Y3lH1mzY",
          "expire_date":"2021-07-13T19:28:05.475Z"
       }
    },
    {
       "model":"sessions.session",
       "pk":"uu80d6t4zsptz553icxydgoc62qlusr4",
       "fields":{
          "session_data":".eJxVjU0OgyAQhe_CujGMoqPu6kXIiEMgNdgIJG2a3r3SuGiX7-97L6EpJ6dz5F37RYyiEZdfbyZz41ACWtdiV2TMlkOqvp0zjtX1UBySN5T8FqZz9YdyFF3hIIAaJCNjxwoW6gEHwNl2SgFaucyIBARM2NbcU6PqdjBKItmjCbJAI8d43Gh-3P3-FKN8fwCURULA:1m7dWN:Jx1aZuYKEO1EMHU-eIWZwv3bJCg_Hhe57UBMCtg8IzQ",
          "expire_date":"2021-08-08T12:46:19.211Z"
       }
    },
    {
       "model":"sessions.session",
       "pk":"vqoo4fkpg0hke1rouh5a3un1uxww4d7g",
       "fields":{
          "session_data":"e30:1m5X6k:NrjONLgqgXTjgWxuffKyp-nV0C3RkF0FSCrZmyICYwA",
          "expire_date":"2021-08-02T17:31:10.109Z"
       }
    },
    {
       "model":"sessions.session",
       "pk":"zqf39mswm3wicq3wkw4q6z9vi047wbw0",
       "fields":{
          "session_data":"e30:1m5X43:phx9rRodMY06fOjYalx9GVfy0lbigtVvxv9Ptkx4E_4",
          "expire_date":"2021-08-02T17:28:23.651Z"
       }
    },
    {
       "model":"sites.site",
       "pk":1,
       "fields":{
          "domain":"matt&katie.com",
          "name":"Matt & Katie"
       }
    },
    {
       "model":"account.emailaddress",
       "pk":1,
       "fields":{
          "user":1,
          "email":"matt&katie.contact@gmail.co.uk",
          "verified":true,
          "primary":true
       }
    },
    {
       "model":"account.emailaddress",
       "pk":3,
       "fields":{
          "user":2,
          "email":"test@test.com",
          "verified":true,
          "primary":true
       }
    },
    {
       "model":"account.emailaddress",
       "pk":4,
       "fields":{
          "user":3,
          "email":"ch.mateusz@hotmail.com",
          "verified":true,
          "primary":true
       }
    },
    {
       "model":"account.emailaddress",
       "pk":5,
       "fields":{
          "user":4,
          "email":"funkypolak97@gmail.com",
          "verified":false,
          "primary":true
       }
    },
    {
       "model":"products.category",
       "pk":1,
       "fields":{
          "name":"drone_photography",
          "friendly_name":"Drone Photography"
       }
    },
    {
       "model":"products.category",
       "pk":2,
       "fields":{
          "name":"ground_photography",
          "friendly_name":"Ground Photograhy"
       }
    },
    {
       "model":"products.product",
       "pk":1,
       "fields":{
          "category":1,
          "sku":"pp5001340155",
          "name":"The Balmoral Hotel, Edinburgh",
          "description":"A picture of Edinburghs most luxiourious hotel from the sky.",
          "print_sizes":true,
          "price":"20.00",
          "rating":"4.60",
          "image_url":"/media/",
          "image":"DJI_0156.JPG"
       }
    },
    {
       "model":"products.product",
       "pk":2,
       "fields":{
          "category":2,
          "sku":"pp5001600425",
          "name":"The Scott Monument, Edinburgh",
          "description":"A picture of one of many Edinburghs monuments",
          "print_sizes":true,
          "price":"20.00",
          "rating":"4.60",
          "image_url":"/media/",
          "image":"DJI_0158.JPG"
       }
    },
    {
       "model":"checkout.order",
       "pk":1,
       "fields":{
          "order_number":"87BCBA3A6E994873A2F5811DDE500001",
          "user_profile":null,
          "full_name":"Test",
          "email":"ch.test@test.com",
          "phone_number":"23052356523",
          "country":"gcvghsdvgc",
          "postcode":"fvhdvcgasgdv",
          "town_or_city":"dhjhucgsdyu",
          "street_address1":"dbgsduyg",
          "street_address2":"dhjgcusg",
          "county":"fdhguyc",
          "date":"2021-07-16T16:21:24.224Z",
          "delivery_cost":"2.00",
          "order_total":"20.00",
          "grand_total":"22.00",
          "original_bag":"",
          "stripe_pid":""
       }
    },
    {
       "model":"checkout.order",
       "pk":2,
       "fields":{
          "order_number":"DA101CFBA49A436CA63928F3DCB670DD",
          "user_profile":null,
          "full_name":"Mateusz",
          "email":"test@test.test",
          "phone_number":"072354561536",
          "country":"bhjscg FS",
          "postcode":"BZHJGCUSVDGH",
          "town_or_city":"jbfdihvbhsd",
          "street_address1":"bfhvbud",
          "street_address2":"bdh",
          "county":"bdfgfydusgeyrv",
          "date":"2021-07-16T16:25:33.768Z",
          "delivery_cost":"2.00",
          "order_total":"20.00",
          "grand_total":"22.00",
          "original_bag":"",
          "stripe_pid":""
       }
    },
    {
       "model":"checkout.order",
       "pk":3,
       "fields":{
          "order_number":"789991350A224569922C3CFBB5FE7F8E",
          "user_profile":null,
          "full_name":"test",
          "email":"test@test.test",
          "phone_number":"054851564861",
          "country":"fghfdctyafw",
          "postcode":"djdfbachuaguv",
          "town_or_city":"hjdsbfyuvgceaw",
          "street_address1":"nfbvyusgc",
          "street_address2":"aeugcyuiqwe",
          "county":"fjgyveagr8",
          "date":"2021-07-16T16:29:46.148Z",
          "delivery_cost":"2.00",
          "order_total":"20.00",
          "grand_total":"22.00",
          "original_bag":"",
          "stripe_pid":""
       }
    },
    {
       "model":"checkout.order",
       "pk":4,
       "fields":{
          "order_number":"B7096A62D23B43659FFFC774AE5ED734",
          "user_profile":null,
          "full_name":"test",
          "email":"test@test.com",
          "phone_number":"hageyog",
          "country":"qgfae cb gf ueqgh",
          "postcode":"HGAYUGYUG",
          "town_or_city":"UEFWTVFTVGHVH",
          "street_address1":"HJVGHUYVhjvu",
          "street_address2":"fyufyfyfh,vig",
          "county":"hjh8g78gre",
          "date":"2021-07-16T16:34:03.389Z",
          "delivery_cost":"2.00",
          "order_total":"20.00",
          "grand_total":"22.00",
          "original_bag":"",
          "stripe_pid":""
       }
    },
    {
       "model":"checkout.order",
       "pk":5,
       "fields":{
          "order_number":"4F8D98E153F5474BBAAA19AB5DC31CC6",
          "user_profile":null,
          "full_name":"Test",
          "email":"Test@test.com",
          "phone_number":"dsahgfyu w",
          "country":"uifgdsvybdkhu",
          "postcode":"bvdfusuybds",
          "town_or_city":"bvdfhsugvuy",
          "street_address1":"bhdvu",
          "street_address2":"hdgvyus",
          "county":"hdjgsyuvgs",
          "date":"2021-07-16T16:37:48.631Z",
          "delivery_cost":"2.00",
          "order_total":"20.00",
          "grand_total":"22.00",
          "original_bag":"",
          "stripe_pid":""
       }
    },
    {
       "model":"checkout.order",
       "pk":6,
       "fields":{
          "order_number":"31BB11DB40D2408BB69DAD529D8A3908",
          "user_profile":null,
          "full_name":"test",
          "email":"agyfucgaesyugc@BADHGV.COM",
          "phone_number":"SF CEA",
          "country":"RAGERV",
          "postcode":"VDSRHH5RHTB",
          "town_or_city":"H5Y5NXT",
          "street_address1":"F GHFJHTS",
          "street_address2":"SR HB",
          "county":"N5H6U",
          "date":"2021-07-16T16:44:46.618Z",
          "delivery_cost":"2.00",
          "order_total":"20.00",
          "grand_total":"22.00",
          "original_bag":"",
          "stripe_pid":""
       }
    },
    {
       "model":"checkout.order",
       "pk":7,
       "fields":{
          "order_number":"15EC433E943C4FD695F460A01703E673",
          "user_profile":null,
          "full_name":"test",
          "email":"jnasdejca@jsabhc.com",
          "phone_number":"jsdhfi",
          "country":"nfdjhvb",
          "postcode":"bfhjdsvb",
          "town_or_city":"dujhbsfdj",
          "street_address1":"jvbd jb",
          "street_address2":"v bndb",
          "county":"dvsjkd",
          "date":"2021-07-16T21:47:37.833Z",
          "delivery_cost":"2.00",
          "order_total":"20.00",
          "grand_total":"22.00",
          "original_bag":"",
          "stripe_pid":""
       }
    },
    {
       "model":"checkout.order",
       "pk":8,
       "fields":{
          "order_number":"FACCDE76E01A4714A1B74B2B4D225F6C",
          "user_profile":null,
          "full_name":"test",
          "email":"test@test.com",
          "phone_number":"444047574177",
          "country":"US",
          "postcode":"bdfhsg",
          "town_or_city":"bhjfdsvbhku",
          "street_address1":"hvsghzdfsg",
          "street_address2":"hdsgcda",
          "county":"bhjd",
          "date":"2021-07-18T23:39:36.004Z",
          "delivery_cost":"2.00",
          "order_total":"20.00",
          "grand_total":"22.00",
          "original_bag":"{\"2\": {\"items_by_size\": {\"A3\": 1}}}",
          "stripe_pid":"pi_1JEjYFC2wJomvKLREJTMJ7Wz"
       }
    },
    {
       "model":"checkout.order",
       "pk":9,
       "fields":{
          "order_number":"4AE6CD3A9FA14B1193B1C6A432D923E7",
          "user_profile":null,
          "full_name":"test",
          "email":"test@test.com",
          "phone_number":"444047574177",
          "country":"US",
          "postcode":"bdfhsg",
          "town_or_city":"bhjfdsvbhku",
          "street_address1":"hvsghzdfsg",
          "street_address2":"hdsgcda",
          "county":"bhjd",
          "date":"2021-07-18T23:44:24.880Z",
          "delivery_cost":"2.00",
          "order_total":"20.00",
          "grand_total":"22.00",
          "original_bag":"{\"2\": {\"items_by_size\": {\"A3\": 1}}}",
          "stripe_pid":"pi_1JEjeJC2wJomvKLRPnDLeq3x"
       }
    },
    {
       "model":"checkout.order",
       "pk":10,
       "fields":{
          "order_number":"50F567EFF329439583FB8967595DD0B6",
          "user_profile":null,
          "full_name":"test",
          "email":"tets@test.com",
          "phone_number":"hfuai",
          "country":"US",
          "postcode":"dhehfuj",
          "town_or_city":"`geegfyhwaegy``",
          "street_address1":"`fbadhjfau",
          "street_address2":"bhaebfhva",
          "county":"dfhshjgi",
          "date":"2021-07-18T23:48:26.667Z",
          "delivery_cost":"2.00",
          "order_total":"20.00",
          "grand_total":"22.00",
          "original_bag":"{\"2\": {\"items_by_size\": {\"A3\": 1}}}",
          "stripe_pid":"pi_1JEji4C2wJomvKLRAXAtEiWM"
       }
    },
    {
       "model":"checkout.order",
       "pk":11,
       "fields":{
          "order_number":"D675E4FC779548B28D865EDE9DD8209C",
          "user_profile":1,
          "full_name":"mat",
          "email":"test@test.com",
          "phone_number":"test",
          "country":"US",
          "postcode":"test test",
          "town_or_city":"test",
          "street_address1":"test",
          "street_address2":"test",
          "county":"test",
          "date":"2021-07-19T18:05:45.342Z",
          "delivery_cost":"2.00",
          "order_total":"20.00",
          "grand_total":"22.00",
          "original_bag":"{\"2\": {\"items_by_size\": {\"A3\": 1}}}",
          "stripe_pid":"pi_1JF0ozC2wJomvKLRk4r0sjJF"
       }
    },
    {
       "model":"checkout.order",
       "pk":12,
       "fields":{
          "order_number":"D4AF13B41F8A47C4A48411D78E198544",
          "user_profile":1,
          "full_name":"bjhcf",
          "email":"test@test.com",
          "phone_number":"test",
          "country":"US",
          "postcode":"test test",
          "town_or_city":"test",
          "street_address1":"test",
          "street_address2":"test",
          "county":"test",
          "date":"2021-07-19T22:29:47.216Z",
          "delivery_cost":"2.00",
          "order_total":"20.00",
          "grand_total":"22.00",
          "original_bag":"{\"2\": {\"items_by_size\": {\"A3\": 1}}}",
          "stripe_pid":"pi_1JF4wSC2wJomvKLR5zuqluT2"
       }
    },
    {
       "model":"checkout.orderlineitem",
       "pk":1,
       "fields":{
          "order":1,
          "product":2,
          "product_size":"A3",
          "quantity":1,
          "lineitem_total":"20.00"
       }
    },
    {
       "model":"checkout.orderlineitem",
       "pk":2,
       "fields":{
          "order":2,
          "product":2,
          "product_size":"A3",
          "quantity":1,
          "lineitem_total":"20.00"
       }
    },
    {
       "model":"checkout.orderlineitem",
       "pk":3,
       "fields":{
          "order":3,
          "product":2,
          "product_size":"A3",
          "quantity":1,
          "lineitem_total":"20.00"
       }
    },
    {
       "model":"checkout.orderlineitem",
       "pk":4,
       "fields":{
          "order":4,
          "product":2,
          "product_size":"A3",
          "quantity":1,
          "lineitem_total":"20.00"
       }
    },
    {
       "model":"checkout.orderlineitem",
       "pk":5,
       "fields":{
          "order":5,
          "product":2,
          "product_size":"A3",
          "quantity":1,
          "lineitem_total":"20.00"
       }
    },
    {
       "model":"checkout.orderlineitem",
       "pk":6,
       "fields":{
          "order":6,
          "product":2,
          "product_size":"A2",
          "quantity":1,
          "lineitem_total":"20.00"
       }
    },
    {
       "model":"checkout.orderlineitem",
       "pk":7,
       "fields":{
          "order":7,
          "product":2,
          "product_size":"A3",
          "quantity":1,
          "lineitem_total":"20.00"
       }
    },
    {
       "model":"checkout.orderlineitem",
       "pk":8,
       "fields":{
          "order":8,
          "product":2,
          "product_size":"A3",
          "quantity":1,
          "lineitem_total":"20.00"
       }
    },
    {
       "model":"checkout.orderlineitem",
       "pk":9,
       "fields":{
          "order":9,
          "product":2,
          "product_size":"A3",
          "quantity":1,
          "lineitem_total":"20.00"
       }
    },
    {
       "model":"checkout.orderlineitem",
       "pk":10,
       "fields":{
          "order":10,
          "product":2,
          "product_size":"A3",
          "quantity":1,
          "lineitem_total":"20.00"
       }
    },
    {
       "model":"checkout.orderlineitem",
       "pk":11,
       "fields":{
          "order":11,
          "product":2,
          "product_size":"A3",
          "quantity":1,
          "lineitem_total":"20.00"
       }
    },
    {
       "model":"checkout.orderlineitem",
       "pk":12,
       "fields":{
          "order":12,
          "product":2,
          "product_size":"A3",
          "quantity":1,
          "lineitem_total":"20.00"
       }
    },
    {
       "model":"profiles.userprofile",
       "pk":1,
       "fields":{
          "user":2,
          "default_phone_number":"test",
          "default_street_address1":"test",
          "default_street_address2":"test",
          "default_town_or_city":"test",
          "default_county":"test",
          "default_postcode":"test test",
          "default_country":"US"
       }
    },
    {
       "model":"profiles.userprofile",
       "pk":2,
       "fields":{
          "user":3,
          "default_phone_number":null,
          "default_street_address1":null,
          "default_street_address2":null,
          "default_town_or_city":null,
          "default_county":null,
          "default_postcode":null,
          "default_country":null
       }
    },
    {
       "model":"profiles.userprofile",
       "pk":3,
       "fields":{
          "user":4,
          "default_phone_number":null,
          "default_street_address1":null,
          "default_street_address2":null,
          "default_town_or_city":null,
          "default_county":null,
          "default_postcode":null,
          "default_country":null
       }
    },
    {
       "model":"blog.category_blog",
       "pk":1,
       "fields":{
          "name":"photography_tips",
          "friendly_name":"Photography Tips"
       }
    },
    {
       "model":"blog.category_blog",
       "pk":2,
       "fields":{
          "name":"travel_blog",
          "friendly_name":"Travel"
       }
    },
    {
       "model":"gallery.category_images",
       "pk":1,
       "fields":{
          "name":"drone_photography",
          "friendly_name":"Drone Photography"
       }
    },
    {
       "model":"gallery.category_images",
       "pk":2,
       "fields":{
          "name":"ground_photography",
          "friendly_name":"Ground Photograhy"
       }
    },
    {
       "model":"gallery.gallery",
       "pk":1,
       "fields":{
          "category_images":1,
          "name":"The Balmoral Hotel, Edinburgh",
          "description":"A picture of Edinburghs most luxiourious hotel from the sky.",
          "rating":"4.60",
          "image_url":"/media/",
          "image":"DJI_0156.JPG"
       }
    },
    {
       "model":"gallery.gallery",
       "pk":2,
       "fields":{
          "category_images":2,
          "name":"The Scott Monument",
          "description":"A picture of one of many Edinburgh.",
          "rating":"4.00",
          "image_url":null,
          "image":"DJI_0158.JPG"
       }
    }
 ]